ID,Nome,Telefone,URL
10052,"Adriana dos Santos Silva",967752063,"https://semrumo.eu/app/myportal/picar.html?phone=967752063&name=Adriana%20dos%20Santos%20Silva"
37,"Alexander Bryan Curado De Figueiredo",+351962929356,"https://semrumo.eu/app/myportal/picar.html?phone=%2B351962929356&name=Alexander%20Bryan%20Curado%20De%20Figueiredo"
38,"Alice Costa da Silva",+351969332820,"https://semrumo.eu/app/myportal/picar.html?phone=%2B351969332820&name=Alice%20Costa%20da%20Silva"
124,"Ana Lucia Ferreira da Silva Guerreiro Luz",961054315,"https://semrumo.eu/app/myportal/picar.html?phone=961054315&name=Ana%20Lucia%20Ferreira%20da%20Silva%20Guerreiro%20Luz"
10049,"Ana Raquel Oliveira Batista Lança",939487700,"https://semrumo.eu/app/myportal/picar.html?phone=939487700&name=Ana%20Raquel%20Oliveira%20Batista%20Lan%C3%A7a"
10051,"Anabela Mendes Machado",962914573,"https://semrumo.eu/app/myportal/picar.html?phone=962914573&name=Anabela%20Mendes%20Machado"
17,"Andreia do Carmo Henriques",+351964873528,"https://semrumo.eu/app/myportal/picar.html?phone=%2B351964873528&name=Andreia%20do%20Carmo%20Henriques"
11,"Andreia Filipa Oliveira Marques",+351933180165,"https://semrumo.eu/app/myportal/picar.html?phone=%2B351933180165&name=Andreia%20Filipa%20Oliveira%20Marques"
10053,"Andreia Gabriela Carreira Pereira",926945543,"https://semrumo.eu/app/myportal/picar.html?phone=926945543&name=Andreia%20Gabriela%20Carreira%20Pereira"
91,"Beatriz Rosa Duarte",,"https://semrumo.eu/app/myportal/picar.html?phone=&name=Beatriz%20Rosa%20Duarte"
10046,"Bijay Neupane",920234265,"https://semrumo.eu/app/myportal/picar.html?phone=920234265&name=Bijay%20Neupane"
10042,"Bruna Danielly Pereira da Silva",925682922,"https://semrumo.eu/app/myportal/picar.html?phone=925682922&name=Bruna%20Danielly%20Pereira%20da%20Silva"
10025,"Bruno Miguel de Brito Cristina",,"https://semrumo.eu/app/myportal/picar.html?phone=&name=Bruno%20Miguel%20de%20Brito%20Cristina"
10015,"Carlos Manuel Salgado Rodrigues",+351937717955,"https://semrumo.eu/app/myportal/picar.html?phone=%2B351937717955&name=Carlos%20Manuel%20Salgado%20Rodrigues"
65,"Cláudio Manuel Martins Cabrita da Silva",+351965005418,"https://semrumo.eu/app/myportal/picar.html?phone=%2B351965005418&name=Cl%C3%A1udio%20Manuel%20Martins%20Cabrita%20da%20Silva"
10038,"Cristinel Harabagiu",964285544,"https://semrumo.eu/app/myportal/picar.html?phone=964285544&name=Cristinel%20Harabagiu"
10040,"Daniel Alexandre Vale de Ovelha Baltazar",939621477,"https://semrumo.eu/app/myportal/picar.html?phone=939621477&name=Daniel%20Alexandre%20Vale%20de%20Ovelha%20Baltazar"
66,"Daniel Filipe Ferreira Dias",+351967331800,"https://semrumo.eu/app/myportal/picar.html?phone=%2B351967331800&name=Daniel%20Filipe%20Ferreira%20Dias"
10024,"Daniela Filipa de Lima Esteves",967077300,"https://semrumo.eu/app/myportal/picar.html?phone=967077300&name=Daniela%20Filipa%20de%20Lima%20Esteves"
67,"David João Dourado de Sousa",+351915618606,"https://semrumo.eu/app/myportal/picar.html?phone=%2B351915618606&name=David%20Jo%C3%A3o%20Dourado%20de%20Sousa"
294,"David Miguel de Jesus Barbosa",+351967246030,"https://semrumo.eu/app/myportal/picar.html?phone=%2B351967246030&name=David%20Miguel%20de%20Jesus%20Barbosa"
44,"Débora Tatiana Carvalho Dias",+351964242655,"https://semrumo.eu/app/myportal/picar.html?phone=%2B351964242655&name=D%C3%A9bora%20Tatiana%20Carvalho%20Dias"
78,"Denise Beatriz Pópulo de Oliveira Cartaxo",,"https://semrumo.eu/app/myportal/picar.html?phone=&name=Denise%20Beatriz%20P%C3%B3pulo%20de%20Oliveira%20Cartaxo"
10054,"Diogo André Marques",+351915743523,"https://semrumo.eu/app/myportal/picar.html?phone=%2B351915743523&name=Diogo%20Andr%C3%A9%20Marques"
93,"Diogo Miguel Antunes Carvalhana",,"https://semrumo.eu/app/myportal/picar.html?phone=&name=Diogo%20Miguel%20Antunes%20Carvalhana"
94,"Edilene da Silva Bastos",,"https://semrumo.eu/app/myportal/picar.html?phone=&name=Edilene%20da%20Silva%20Bastos"
47,"Emília Isaura Mahanjane Chunguane",+351966184331,"https://semrumo.eu/app/myportal/picar.html?phone=%2B351966184331&name=Em%C3%ADlia%20Isaura%20Mahanjane%20Chunguane"
48,"Fabiana Mendonça Magalhães",938669746,"https://semrumo.eu/app/myportal/picar.html?phone=938669746&name=Fabiana%20Mendon%C3%A7a%20Magalh%C3%A3es"
49,"Florbela Maria Teixeira Pereira",+351913322459,"https://semrumo.eu/app/myportal/picar.html?phone=%2B351913322459&name=Florbela%20Maria%20Teixeira%20Pereira"
10043,"Idalécio Casimiro Salero Zita Serôdio",963191398,"https://semrumo.eu/app/myportal/picar.html?phone=963191398&name=Idal%C3%A9cio%20Casimiro%20Salero%20Zita%20Ser%C3%B4dio"
10032,"Jéssica Patrícia Romano Vilhena",938835793,"https://semrumo.eu/app/myportal/picar.html?phone=938835793&name=J%C3%A9ssica%20Patr%C3%ADcia%20Romano%20Vilhena"
3,"Joana Afonso Gonçalves",+351961691467,"https://semrumo.eu/app/myportal/picar.html?phone=%2B351961691467&name=Joana%20Afonso%20Gon%C3%A7alves"
10030,"João Ferreira Pereira Antunes",963541008,"https://semrumo.eu/app/myportal/picar.html?phone=963541008&name=Jo%C3%A3o%20Ferreira%20Pereira%20Antunes"
10029,"João Gabriel da Silva",923198840,"https://semrumo.eu/app/myportal/picar.html?phone=923198840&name=Jo%C3%A3o%20Gabriel%20da%20Silva"
69,"José Cavaco Correia",+351936718135,"https://semrumo.eu/app/myportal/picar.html?phone=%2B351936718135&name=Jos%C3%A9%20Cavaco%20Correia"
194,"Leonardo Figueira Ramalho",+351965882889,"https://semrumo.eu/app/myportal/picar.html?phone=%2B351965882889&name=Leonardo%20Figueira%20Ramalho"
25,"Lídia Maria Ramos Guerreiro",+351927156311,"https://semrumo.eu/app/myportal/picar.html?phone=%2B351927156311&name=L%C3%ADdia%20Maria%20Ramos%20Guerreiro"
51,"Liliana Maria Neves Correia",+351961816185,"https://semrumo.eu/app/myportal/picar.html?phone=%2B351961816185&name=Liliana%20Maria%20Neves%20Correia"
10048,"Luciana Lima da Luz Azevedo",929124600,"https://semrumo.eu/app/myportal/picar.html?phone=929124600&name=Luciana%20Lima%20da%20Luz%20Azevedo"
10031,"Luís Felipe Fonseca Tavares",911519036,"https://semrumo.eu/app/myportal/picar.html?phone=911519036&name=Lu%C3%ADs%20Felipe%20Fonseca%20Tavares"
10047,"Mangali Nepali",920205502,"https://semrumo.eu/app/myportal/picar.html?phone=920205502&name=Mangali%20Nepali"
10045,"Manoj Acharya",920234275,"https://semrumo.eu/app/myportal/picar.html?phone=920234275&name=Manoj%20Acharya"
10009,"Mara Cristina Gonçalves Luz",,"https://semrumo.eu/app/myportal/picar.html?phone=&name=Mara%20Cristina%20Gon%C3%A7alves%20Luz"
72,"Marco André Barriguinha Martinho",+351968755119,"https://semrumo.eu/app/myportal/picar.html?phone=%2B351968755119&name=Marco%20Andr%C3%A9%20Barriguinha%20Martinho"
53,"Maria da Glória Gonçalves Vinagre Gomes",+351919753731,"https://semrumo.eu/app/myportal/picar.html?phone=%2B351919753731&name=Maria%20da%20Gl%C3%B3ria%20Gon%C3%A7alves%20Vinagre%20Gomes"
26,"Maria da Graça Santos Duarte Moreira",+351926188832,"https://semrumo.eu/app/myportal/picar.html?phone=%2B351926188832&name=Maria%20da%20Gra%C3%A7a%20Santos%20Duarte%20Moreira"
27,"Maria de Fátima Rosa Pereira Esteves",969519766,"https://semrumo.eu/app/myportal/picar.html?phone=969519766&name=Maria%20de%20F%C3%A1tima%20Rosa%20Pereira%20Esteves"
54,"Maria Dulce Lança Galrito",+351966155568,"https://semrumo.eu/app/myportal/picar.html?phone=%2B351966155568&name=Maria%20Dulce%20Lan%C3%A7a%20Galrito"
14,"Micaelle Nunes da Silva",+351939030357,"https://semrumo.eu/app/myportal/picar.html?phone=%2B351939030357&name=Micaelle%20Nunes%20da%20Silva"
70,"Mohamed Mosbah",+351927970910,"https://semrumo.eu/app/myportal/picar.html?phone=%2B351927970910&name=Mohamed%20Mosbah"
238,"Mohigul Mardanova",,"https://semrumo.eu/app/myportal/picar.html?phone=&name=Mohigul%20Mardanova"
10044,"Nádia Marisa dos Santos Reis Vieira",911554151,"https://semrumo.eu/app/myportal/picar.html?phone=911554151&name=N%C3%A1dia%20Marisa%20dos%20Santos%20Reis%20Vieira"
10037,"Natalia Rotaru",920521612,"https://semrumo.eu/app/myportal/picar.html?phone=920521612&name=Natalia%20Rotaru"
56,"Nuno Gonçalo Lourenço Teixeira",963968870,"https://semrumo.eu/app/myportal/picar.html?phone=963968870&name=Nuno%20Gon%C3%A7alo%20Louren%C3%A7o%20Teixeira"
10036,"Paulo Jorge Bentes Brito",939439259,"https://semrumo.eu/app/myportal/picar.html?phone=939439259&name=Paulo%20Jorge%20Bentes%20Brito"
10035,"Paulo Roberto Rodrigues Coelho Filho", 912072063,"https://semrumo.eu/app/myportal/picar.html?phone=%20912072063&name=Paulo%20Roberto%20Rodrigues%20Coelho%20Filho"
10010,"Pedro Miguel Oliveira Sacramento",965369085,"https://semrumo.eu/app/myportal/picar.html?phone=965369085&name=Pedro%20Miguel%20Oliveira%20Sacramento"
159,"Pedro Sacramento",,"https://semrumo.eu/app/myportal/picar.html?phone=&name=Pedro%20Sacramento"
10039,"Raju Ghimire",920551367,"https://semrumo.eu/app/myportal/picar.html?phone=920551367&name=Raju%20Ghimire"
59,"Ritu Gharti",+351920305734,"https://semrumo.eu/app/myportal/picar.html?phone=%2B351920305734&name=Ritu%20Gharti"
10034,"Samara Lima Lopes",931466420,"https://semrumo.eu/app/myportal/picar.html?phone=931466420&name=Samara%20Lima%20Lopes"
9,"Sandrine de Jesus Gorrão Brito",+351926521830,"https://semrumo.eu/app/myportal/picar.html?phone=%2B351926521830&name=Sandrine%20de%20Jesus%20Gorr%C3%A3o%20Brito"
61,"Sara Vieira Alves",+351963828553,"https://semrumo.eu/app/myportal/picar.html?phone=%2B351963828553&name=Sara%20Vieira%20Alves"
10041,"Seykou Baldé",920075970,"https://semrumo.eu/app/myportal/picar.html?phone=920075970&name=Seykou%20Bald%C3%A9"
10033,"Shirleine Maria Freitas de Souza Azevedo",926090986,"https://semrumo.eu/app/myportal/picar.html?phone=926090986&name=Shirleine%20Maria%20Freitas%20de%20Souza%20Azevedo"
62,"Sónia Susana Silva Vieira Reis",964828945,"https://semrumo.eu/app/myportal/picar.html?phone=964828945&name=S%C3%B3nia%20Susana%20Silva%20Vieira%20Reis"
4,"Soraia Alexandra Quitério Martins",+351968839161,"https://semrumo.eu/app/myportal/picar.html?phone=%2B351968839161&name=Soraia%20Alexandra%20Quit%C3%A9rio%20Martins"
5,"Teresa Alexandra Cândido Dias Louro",+351916074189,"https://semrumo.eu/app/myportal/picar.html?phone=%2B351916074189&name=Teresa%20Alexandra%20C%C3%A2ndido%20Dias%20Louro"
63,"Tereza Oliva da Silva",+351967411858,"https://semrumo.eu/app/myportal/picar.html?phone=%2B351967411858&name=Tereza%20Oliva%20da%20Silva"
10017,"Tiago André Felizardo Morais Girão",,"https://semrumo.eu/app/myportal/picar.html?phone=&name=Tiago%20Andr%C3%A9%20Felizardo%20Morais%20Gir%C3%A3o"
73,"Tiago Jorge da Silva Pacheco",+351911100707,"https://semrumo.eu/app/myportal/picar.html?phone=%2B351911100707&name=Tiago%20Jorge%20da%20Silva%20Pacheco"
34,"Tito Miguel Guerreiro Pina",+351963939616,"https://semrumo.eu/app/myportal/picar.html?phone=%2B351963939616&name=Tito%20Miguel%20Guerreiro%20Pina"
35,"Valéria Ferreira Da Silva Vieira",+351927735366,"https://semrumo.eu/app/myportal/picar.html?phone=%2B351927735366&name=Val%C3%A9ria%20Ferreira%20Da%20Silva%20Vieira"
10013,"Vânia de Jesus Guerreiro Serra",+351967101793,"https://semrumo.eu/app/myportal/picar.html?phone=%2B351967101793&name=V%C3%A2nia%20de%20Jesus%20Guerreiro%20Serra"
252,"Vera Lúcia Felicio Picado",912168682,"https://semrumo.eu/app/myportal/picar.html?phone=912168682&name=Vera%20L%C3%BAcia%20Felicio%20Picado"
283,"Yassine Mosbah",+216 55 132 101,"https://semrumo.eu/app/myportal/picar.html?phone=%2B216%2055%20132%20101&name=Yassine%20Mosbah"
